experimentNumber,easyAxisOrientation,x,y,orientationEstimate,estimationError
1,24,0.0,0.0,22.018302176796066,-1.981697823203934
2,24,-0.00403,-0.00849,20.647809713640118,-3.352190286359882
3,24,-0.00577,-0.00318,22.237982735243836,-1.7620172647561638
4,24,0.00088,-0.00557,20.590720164833005,-3.409279835166995
5,24,0.00316,0.00121,21.53315439428329,-2.46684560571671
6,24,0.00763,0.00886,26.219915321666974,2.2199153216669743
7,24,0.00869,-0.00764,22.981434042506937,-1.0185659574930632
8,24,0.00074,-0.00344,21.475056608813908,-2.524943391186092
9,24,-0.00659,0.00095,22.05716365535557,-1.9428363446444301
10,24,0.00165,-0.0075,19.687693109333768,-4.312306890666232
11,24,0.00255,-0.00267,21.537991929106415,-2.462008070893585
12,24,-0.00753,0.00161,20.76276682741508,-3.2372331725849186
13,24,0.0058,-5.0e-5,22.428394544915065,-1.571605455084935
14,24,-0.0016,-0.00386,21.472748141112817,-2.5272518588871833
15,24,0.00797,0.00776,23.60022631131034,-0.3997736886896597
16,24,0.00307,0.00401,21.76672383083385,-2.2332761691661496
17,24,-0.00107,0.00445,21.316326613430444,-2.6836733865695557
18,24,0.00536,0.00338,23.557224979792565,-0.442775020207435
19,24,-0.00329,0.0002,22.20448792338193,-1.7955120766180706
20,24,-0.00855,0.00762,23.661577701757704,-0.3384222982422962
21,24,0.00273,0.00644,24.5605447608612,0.5605447608612018
22,25,0.0,0.0,23.192035568111166,-1.8079644318888342
23,25,-0.00403,-0.00849,21.666086313097416,-3.3339136869025836
24,25,-0.00577,-0.00318,22.375665451615877,-2.624334548384123
25,25,0.00088,-0.00557,20.299526493231212,-4.7004735067687875
26,25,0.00316,0.00121,21.484697803682494,-3.5153021963175064
27,25,0.00763,0.00886,25.378253358788122,0.37825335878812183
28,25,0.00869,-0.00764,22.54683486887053,-2.45316513112947
29,25,0.00074,-0.00344,22.709149607720224,-2.2908503922797756
30,25,-0.00659,0.00095,22.895197144560015,-2.104802855439985
31,25,0.00165,-0.0075,19.483494973354226,-5.516505026645774
32,25,0.00255,-0.00267,22.33486088369343,-2.6651391163065696
33,25,-0.00753,0.00161,20.009809208914934,-4.990190791085066
34,25,0.0058,-5.0e-5,24.322540413265475,-0.6774595867345248
35,25,-0.0016,-0.00386,22.86534678607123,-2.1346532139287717
36,25,0.00797,0.00776,23.032091567664736,-1.967908432335264
37,25,0.00307,0.00401,21.79843739946183,-3.201562600538171
38,25,-0.00107,0.00445,21.552233272260732,-3.4477667277392676
39,25,0.00536,0.00338,23.22425850607395,-1.7757414939260485
40,25,-0.00329,0.0002,23.268137753266476,-1.7318622467335238
41,25,-0.00855,0.00762,23.33559923971146,-1.6644007602885402
42,25,0.00273,0.00644,24.922775600085533,-0.07722439991446706
43,26,0.0,0.0,24.36441794333786,-1.635582056662141
44,26,-0.00403,-0.00849,23.845177264321606,-2.154822735678394
45,26,-0.00577,-0.00318,24.097226756194463,-1.9027732438055374
46,26,0.00088,-0.00557,21.728588125391973,-4.271411874608027
47,26,0.00316,0.00121,24.367833081593396,-1.6321669184066039
48,26,0.00763,0.00886,28.391782509269227,2.391782509269227
49,26,0.00869,-0.00764,24.91642836087406,-1.083571639125939
50,26,0.00074,-0.00344,23.738415777381793,-2.2615842226182075
51,26,-0.00659,0.00095,24.240547404361735,-1.7594525956382654
52,26,0.00165,-0.0075,22.586059823392414,-3.4139401766075856
53,26,0.00255,-0.00267,23.38623597853245,-2.6137640214675493
54,26,-0.00753,0.00161,23.05152194377367,-2.9484780562263317
55,26,0.0058,-5.0e-5,25.821539439808433,-0.1784605601915672
56,26,-0.0016,-0.00386,24.456736265855472,-1.5432637341445279
57,26,0.00797,0.00776,26.342265344930315,0.3422653449303148
58,26,0.00307,0.00401,24.897663554712626,-1.1023364452873743
59,26,-0.00107,0.00445,24.01585262294977,-1.9841473770502311
60,26,0.00536,0.00338,26.28384176416954,0.28384176416954077
61,26,-0.00329,0.0002,23.918096195543924,-2.0819038044560756
62,26,-0.00855,0.00762,25.539145328669356,-0.46085467133064384
63,26,0.00273,0.00644,26.991585707422086,0.991585707422086
64,29,0.0,0.0,29.250454910444127,0.2504549104441267
65,29,-0.00403,-0.00849,28.340991070593525,-0.6590089294064754
66,29,-0.00577,-0.00318,28.791367467295583,-0.20863253270441717
67,29,0.00088,-0.00557,27.36088927112551,-1.6391107288744884
68,29,0.00316,0.00121,26.543167241739734,-2.4568327582602656
69,29,0.00763,0.00886,31.38738661823056,2.387386618230561
70,29,0.00869,-0.00764,29.3746292289577,0.37462922895770134
71,29,0.00074,-0.00344,28.606591229948844,-0.39340877005115615
72,29,-0.00659,0.00095,30.245332035782564,1.245332035782564
73,29,0.00165,-0.0075,27.543022499372388,-1.4569775006276124
74,29,0.00255,-0.00267,28.41304959906792,-0.5869504009320785
75,29,-0.00753,0.00161,27.0720417476532,-1.9279582523468015
76,29,0.0058,-5.0e-5,29.8503185543909,0.8503185543908991
77,29,-0.0016,-0.00386,28.498968400079274,-0.5010315999207258
78,29,0.00797,0.00776,29.41179068131945,0.41179068131944874
79,29,0.00307,0.00401,26.42071128342239,-2.5792887165776115
80,29,-0.00107,0.00445,32.27491579397925,3.274915793979247
81,29,0.00536,0.00338,29.444732587615476,0.4447325876154764
82,29,-0.00329,0.0002,28.42685299826902,-0.5731470017309803
83,29,-0.00855,0.00762,29.555893540899163,0.555893540899163
84,29,0.00273,0.00644,29.45140988367955,0.45140988367954904
85,34,0.0,0.0,30.02176678570163,-3.9782332142983705
86,34,-0.00403,-0.00849,29.646514410353596,-4.353485589646404
87,34,-0.00577,-0.00318,30.358366115503287,-3.641633884496713
88,34,0.00088,-0.00557,29.38259616264933,-4.617403837350668
89,34,0.00316,0.00121,32.215422931866065,-1.7845770681339346
90,34,0.00763,0.00886,34.545917528983395,0.5459175289833951
91,34,0.00869,-0.00764,31.122814164796356,-2.877185835203644
92,34,0.00074,-0.00344,30.36426833704646,-3.635731662953539
93,34,-0.00659,0.00095,30.5616178223601,-3.4383821776399017
94,34,0.00165,-0.0075,28.8482729961741,-5.151727003825901
95,34,0.00255,-0.00267,30.399465097864496,-3.6005349021355038
96,34,-0.00753,0.00161,30.036653068825334,-3.963346931174666
97,34,0.0058,-5.0e-5,31.595611401587288,-2.4043885984127122
98,34,-0.0016,-0.00386,29.88358764795713,-4.116412352042872
99,34,0.00797,0.00776,32.683390253979404,-1.316609746020596
100,34,0.00307,0.00401,32.49068746163142,-1.509312538368583
101,34,-0.00107,0.00445,31.726597687524762,-2.2734023124752376
102,34,0.00536,0.00338,33.81179077979752,-0.18820922020248076
103,34,-0.00329,0.0002,30.11610238278414,-3.8838976172158617
104,34,-0.00855,0.00762,31.171180477755144,-2.8288195222448564
105,34,0.00273,0.00644,34.09403460070004,0.09403460070004144
106,44,0.0,0.0,44.021693304914386,0.021693304914386147
107,44,-0.00403,-0.00849,45.703879810576005,1.7038798105760051
108,44,-0.00577,-0.00318,41.77040113406534,-2.229598865934662
109,44,0.00088,-0.00557,43.525594873932384,-0.47440512606761587
110,44,0.00316,0.00121,45.41611970702089,1.41611970702089
111,44,0.00763,0.00886,48.683156090880175,4.683156090880175
112,44,0.00869,-0.00764,45.1778445664611,1.177844566461097
113,44,0.00074,-0.00344,43.27712560063986,-0.722874399360137
114,44,-0.00659,0.00095,43.37489147834654,-0.6251085216534591
115,44,0.00165,-0.0075,44.074708679631186,0.07470867963118621
116,44,0.00255,-0.00267,44.945744938744255,0.9457449387442551
117,44,-0.00753,0.00161,42.866780955733915,-1.1332190442660846
118,44,0.0058,-5.0e-5,45.825670636619456,1.8256706366194564
119,44,-0.0016,-0.00386,42.98797903767705,-1.01202096232295
120,44,0.00797,0.00776,45.77840718780431,1.7784071878043122
121,44,0.00307,0.00401,45.840356230971274,1.840356230971274
122,44,-0.00107,0.00445,45.31074732550882,1.310747325508821
123,44,0.00536,0.00338,46.189380982021795,2.1893809820217953
124,44,-0.00329,0.0002,43.340120831298854,-0.6598791687011456
125,44,-0.00855,0.00762,44.59341768163054,0.593417681630541
126,44,0.00273,0.00644,45.79595117654137,1.7959511765413723
127,61,0.0,0.0,63.73985765606555,2.7398576560655528
128,61,-0.00403,-0.00849,62.63231427360169,1.6323142736016933
129,61,-0.00577,-0.00318,62.5168632879537,1.5168632879536972
130,61,0.00088,-0.00557,62.518449025941976,1.518449025941976
131,61,0.00316,0.00121,62.67543777474174,1.675437774741738
132,61,0.00763,0.00886,63.46115117948803,2.461151179488027
133,61,0.00869,-0.00764,61.43402091973838,0.43402091973838
134,61,0.00074,-0.00344,62.946017747780836,1.9460177477808358
135,61,-0.00659,0.00095,62.00125922114677,1.0012592211467677
136,61,0.00165,-0.0075,61.995257252632705,0.9952572526327046
137,61,0.00255,-0.00267,63.41880110131283,2.4188011013128303
138,61,-0.00753,0.00161,61.76762080788983,0.767620807889827
139,61,0.0058,-5.0e-5,62.89311763482064,1.8931176348206407
140,61,-0.0016,-0.00386,62.7248435589216,1.7248435589215987
141,61,0.00797,0.00776,63.76583511227449,2.7658351122744875
142,61,0.00307,0.00401,62.61365868755603,1.6136586875560326
143,61,-0.00107,0.00445,62.05398400037305,1.053984000373049
144,61,0.00536,0.00338,62.97873412027353,1.9787341202735291
145,61,-0.00329,0.0002,63.45802198149455,2.4580219814945465
146,61,-0.00855,0.00762,64.46127435116063,3.4612743511606254
147,61,0.00273,0.00644,62.98683628147979,1.986836281479789
148,62,0.0,0.0,62.493651908370836,0.49365190837083617
149,62,-0.00403,-0.00849,62.46227700456421,0.46227700456420706
150,62,-0.00577,-0.00318,61.815471859541084,-0.18452814045891586
151,62,0.00088,-0.00557,61.51136356320928,-0.48863643679072055
152,62,0.00316,0.00121,61.47630243199879,-0.5236975680012108
153,62,0.00763,0.00886,62.41853248809728,0.41853248809727717
154,62,0.00869,-0.00764,61.20424246402949,-0.7957575359705089
155,62,0.00074,-0.00344,61.81338853554539,-0.1866114644546073
156,62,-0.00659,0.00095,61.19909818819076,-0.8009018118092399
157,62,0.00165,-0.0075,61.72145302113921,-0.2785469788607884
158,62,0.00255,-0.00267,63.11504039960391,1.115040399603913
159,62,-0.00753,0.00161,60.935749201172555,-1.0642507988274446
160,62,0.0058,-5.0e-5,62.37290161496371,0.372901614963709
161,62,-0.0016,-0.00386,63.01297835663538,1.0129783566353794
162,62,0.00797,0.00776,62.58712156182268,0.587121561822677
163,62,0.00307,0.00401,61.196465552785725,-0.8035344472142754
164,62,-0.00107,0.00445,61.61305738368706,-0.38694261631294324
165,62,0.00536,0.00338,62.82784748565762,0.827847485657621
166,62,-0.00329,0.0002,62.31247462089291,0.3124746208929068
167,62,-0.00855,0.00762,62.230867087501316,0.23086708750131635
168,62,0.00273,0.00644,62.53381287201783,0.5338128720178332
169,63,0.0,0.0,64.45445377362083,1.454453773620827
170,63,-0.00403,-0.00849,62.8460237767001,-0.15397622329989957
171,63,-0.00577,-0.00318,65.50437270814658,2.504372708146576
172,63,0.00088,-0.00557,63.46626071142279,0.466260711422791
173,63,0.00316,0.00121,63.63054987198863,0.6305498719886273
174,63,0.00763,0.00886,63.43037488081093,0.43037488081093045
175,63,0.00869,-0.00764,61.36711469677332,-1.6328853032266792
176,63,0.00074,-0.00344,64.86360653304808,1.8636065330480847
177,63,-0.00659,0.00095,65.29110130482086,2.291101304820856
178,63,0.00165,-0.0075,65.19812859888081,2.198128598880814
179,63,0.00255,-0.00267,63.57100116924094,0.5710011692409367
180,63,-0.00753,0.00161,63.23714843836986,0.23714843836985722
181,63,0.0058,-5.0e-5,63.99873992549185,0.9987399254918472
182,63,-0.0016,-0.00386,64.98728197998541,1.9872819799854113
183,63,0.00797,0.00776,62.96056329865419,-0.03943670134580657
184,63,0.00307,0.00401,63.54109191176847,0.5410919117684685
185,63,-0.00107,0.00445,61.801161627807375,-1.1988383721926255
186,63,0.00536,0.00338,62.300964102028836,-0.6990358979711644
187,63,-0.00329,0.0002,64.97765498673141,1.9776549867314088
188,63,-0.00855,0.00762,62.89712075747758,-0.10287924252241964
189,63,0.00273,0.00644,62.829435467498634,-0.17056453250136627
190,66,0.0,0.0,65.95174990546411,-0.04825009453588791
191,66,-0.00403,-0.00849,67.5113430310445,1.511343031044504
192,66,-0.00577,-0.00318,67.76292723381752,1.7629272338175213
193,66,0.00088,-0.00557,66.07940560129967,0.07940560129966912
194,66,0.00316,0.00121,65.24927529969966,-0.7507247003003386
195,66,0.00763,0.00886,67.56872721697566,1.5687272169756596
196,66,0.00869,-0.00764,64.03174180997837,-1.9682581900216292
197,66,0.00074,-0.00344,67.7435355659583,1.7435355659582967
198,66,-0.00659,0.00095,69.19914183231076,3.199141832310758
199,66,0.00165,-0.0075,65.62682024597567,-0.3731797540243349
200,66,0.00255,-0.00267,67.29772778739985,1.2977277873998503
201,66,-0.00753,0.00161,66.6638905726231,0.663890572623103
202,66,0.0058,-5.0e-5,65.05674919180213,-0.9432508081978739
203,66,-0.0016,-0.00386,66.89314183967099,0.8931418396709887
204,66,0.00797,0.00776,65.93290506163044,-0.06709493836956426
205,66,0.00307,0.00401,65.08918022282568,-0.9108197771743249
206,66,-0.00107,0.00445,66.29732875991012,0.29732875991011554
207,66,0.00536,0.00338,67.03790397282606,1.037903972826058
208,66,-0.00329,0.0002,67.18414981686753,1.1841498168675315
209,66,-0.00855,0.00762,65.6105078376814,-0.3894921623186036
210,66,0.00273,0.00644,64.7357252177628,-1.2642747822371945
211,71,0.0,0.0,72.619455497306,1.6194554973060065
212,71,-0.00403,-0.00849,73.67113764823024,2.6711376482302427
213,71,-0.00577,-0.00318,73.96883816644105,2.9688381664410457
214,71,0.00088,-0.00557,71.35943230599678,0.35943230599677634
215,71,0.00316,0.00121,71.48981041209743,0.4898104120974267
216,71,0.00763,0.00886,71.3664363650959,0.3664363650958933
217,71,0.00869,-0.00764,70.46011840769827,-0.5398815923017253
218,71,0.00074,-0.00344,72.95323436744665,1.9532343674466546
219,71,-0.00659,0.00095,75.12200896560108,4.122008965601083
220,71,0.00165,-0.0075,70.09391957707173,-0.9060804229282695
221,71,0.00255,-0.00267,72.62178226297249,1.6217822629724878
222,71,-0.00753,0.00161,72.17235511638704,1.1723551163870383
223,71,0.0058,-5.0e-5,71.07858116152052,0.07858116152051764
224,71,-0.0016,-0.00386,71.21556772101724,0.2155677210172371
225,71,0.00797,0.00776,70.89579885110173,-0.10420114889826948
226,71,0.00307,0.00401,71.51786245081365,0.5178624508136522
227,71,-0.00107,0.00445,71.1468079049608,0.1468079049607951
228,71,0.00536,0.00338,71.78691359874863,0.786913598748626
229,71,-0.00329,0.0002,73.5071505983707,2.5071505983707
230,71,-0.00855,0.00762,70.65848741925404,-0.34151258074595603
231,71,0.00273,0.00644,71.15222683467604,0.1522268346760427
232,81,0.0,0.0,79.15173612423023,-1.8482638757697742
233,81,-0.00403,-0.00849,80.51998546140817,-0.4800145385918313
234,81,-0.00577,-0.00318,81.35001460929695,0.3500146092969487
235,81,0.00088,-0.00557,82.42471143223446,1.42471143223446
236,81,0.00316,0.00121,80.30757330142974,-0.6924266985702587
237,81,0.00763,0.00886,82.86939542046385,1.8693954204638459
238,81,0.00869,-0.00764,79.33032132385617,-1.6696786761438318
239,81,0.00074,-0.00344,82.68957367045407,1.6895736704540667
240,81,-0.00659,0.00095,81.21725027588852,0.2172502758885173
241,81,0.00165,-0.0075,81.1522485393294,0.15224853932940619
242,81,0.00255,-0.00267,81.50005162676334,0.5000516267633373
243,81,-0.00753,0.00161,84.04543922029518,3.0454392202951794
244,81,0.0058,-5.0e-5,81.91916606239774,0.9191660623977356
245,81,-0.0016,-0.00386,83.30680597497977,2.306805974979767
246,81,0.00797,0.00776,83.08291401629425,2.0829140162942537
247,81,0.00307,0.00401,80.67993960162603,-0.32006039837396827
248,81,-0.00107,0.00445,83.80565459025368,2.805654590253681
249,81,0.00536,0.00338,84.54275328076186,3.5427532807618576
250,81,-0.00329,0.0002,79.14977538344361,-1.850224616556389
251,81,-0.00855,0.00762,82.8934109404596,1.893410940459603
252,81,0.00273,0.00644,83.10012460613241,2.100124606132411
253,82,0.0,0.0,82.93655041879758,0.9365504187975802
254,82,-0.00403,-0.00849,86.40674846147255,4.406748461472546
255,82,-0.00577,-0.00318,80.67827234387215,-1.3217276561278481
256,82,0.00088,-0.00557,83.1271709650382,1.1271709650382036
257,82,0.00316,0.00121,83.8519038086832,1.851903808683204
258,82,0.00763,0.00886,84.77338092536178,2.773380925361778
259,82,0.00869,-0.00764,83.23256733676193,1.2325673367619316
260,82,0.00074,-0.00344,84.35123629204638,2.35123629204638
261,82,-0.00659,0.00095,84.77220357217874,2.7722035721787393
262,82,0.00165,-0.0075,82.81323854657067,0.8132385465706733
263,82,0.00255,-0.00267,85.64918180121808,3.6491818012180772
264,82,-0.00753,0.00161,87.8173548756479,5.817354875647894
265,82,0.0058,-5.0e-5,85.96127751786973,3.961277517869732
266,82,-0.0016,-0.00386,86.86283902171496,4.8628390217149615
267,82,0.00797,0.00776,85.19439268395605,3.1943926839560532
268,82,0.00307,0.00401,83.86123974428881,1.8612397442888096
269,82,-0.00107,0.00445,86.26549523710734,4.265495237107345
270,82,0.00536,0.00338,86.59482825134937,4.5948282513493695
271,82,-0.00329,0.0002,83.39816390996354,1.398163909963543
272,82,-0.00855,0.00762,83.38166353097436,1.3816635309743646
273,82,0.00273,0.00644,85.55312362334695,3.5531236233469485
274,83,0.0,0.0,83.47771469754201,0.47771469754201235
275,83,-0.00403,-0.00849,84.83541914344485,1.8354191434448524
276,83,-0.00577,-0.00318,84.37448242724568,1.374482427245681
277,83,0.00088,-0.00557,86.77177963824398,3.7717796382439843
278,83,0.00316,0.00121,83.83900284863468,0.8390028486346779
279,83,0.00763,0.00886,85.87048229124855,2.8704822912485497
280,83,0.00869,-0.00764,84.18872953946145,1.1887295394614483
281,83,0.00074,-0.00344,86.65034364523397,3.650343645233974
282,83,-0.00659,0.00095,84.46489379885526,1.4648937988552575
283,83,0.00165,-0.0075,86.10709378323186,3.1070937832318606
284,83,0.00255,-0.00267,86.29249402635024,3.2924940263502407
285,83,-0.00753,0.00161,87.83612652792021,4.836126527920214
286,83,0.0058,-5.0e-5,86.9659712361247,3.9659712361247017
287,83,-0.0016,-0.00386,87.13846737813762,4.138467378137619
288,83,0.00797,0.00776,87.50753167649076,4.507531676490757
289,83,0.00307,0.00401,84.26138735030212,1.2613873503021154
290,83,-0.00107,0.00445,90.73976266299202,7.739762662992021
291,83,0.00536,0.00338,88.29808008114675,5.29808008114675
292,83,-0.00329,0.0002,83.03259572593593,0.03259572593593418
293,83,-0.00855,0.00762,85.13429166625454,2.1342916662545406
294,83,0.00273,0.00644,87.4592270609049,4.459227060904894
295,84,0.0,0.0,84.97231295044651,0.9723129504465078
296,84,-0.00403,-0.00849,85.84507364864278,1.8450736486427814
297,84,-0.00577,-0.00318,86.5876498507757,2.587649850775705
298,84,0.00088,-0.00557,88.09671162972239,4.0967116297223924
299,84,0.00316,0.00121,85.2186776109502,1.218677610950195
300,84,0.00763,0.00886,86.53045344735075,2.5304534473507516
301,84,0.00869,-0.00764,83.5683774180725,-0.431622581927499
302,84,0.00074,-0.00344,87.89394462277805,3.8939446227780508
303,84,-0.00659,0.00095,84.01732732258306,0.017327322583057025
304,84,0.00165,-0.0075,86.51184966775058,2.5118496677505817
305,84,0.00255,-0.00267,85.751470669136,1.7514706691359976
306,84,-0.00753,0.00161,87.6804760174939,3.680476017493902
307,84,0.0058,-5.0e-5,85.6475002108724,1.6475002108723942
308,84,-0.0016,-0.00386,88.3777303431207,4.377730343120703
309,84,0.00797,0.00776,87.89017732519594,3.8901773251959355
310,84,0.00307,0.00401,84.92006958056194,0.9200695805619432
311,84,-0.00107,0.00445,89.97296529019627,5.972965290196271
312,84,0.00536,0.00338,87.85655753262095,3.856557532620954
313,84,-0.00329,0.0002,83.72743790775685,-0.27256209224314887
314,84,-0.00855,0.00762,86.40455230104325,2.4045523010432532
315,84,0.00273,0.00644,85.80915854277846,1.8091585427784622
316,87,0.0,0.0,84.14861105553575,-2.8513889444642473
317,87,-0.00403,-0.00849,91.92091858610219,4.920918586102189
318,87,-0.00577,-0.00318,87.03786316990414,0.03786316990414207
319,87,0.00088,-0.00557,88.58314445071213,1.5831444507121262
320,87,0.00316,0.00121,85.72095533892077,-1.2790446610792259
321,87,0.00763,0.00886,90.36208831288117,3.36208831288117
322,87,0.00869,-0.00764,87.71014176926343,0.71014176926343
323,87,0.00074,-0.00344,88.30648337777039,1.306483377770391
324,87,-0.00659,0.00095,88.12311955827847,1.123119558278475
325,87,0.00165,-0.0075,88.16011823990347,1.1601182399034684
326,87,0.00255,-0.00267,89.45843919471454,2.4584391947145434
327,87,-0.00753,0.00161,91.82826136562416,4.828261365624158
328,87,0.0058,-5.0e-5,88.73233347544334,1.7323334754433404
329,87,-0.0016,-0.00386,90.98140478517676,3.981404785176764
330,87,0.00797,0.00776,90.30535089379038,3.3053508937903757
331,87,0.00307,0.00401,85.79622619105072,-1.203773808949279
332,87,-0.00107,0.00445,91.47303551550506,4.47303551550506
333,87,0.00536,0.00338,90.68550638238128,3.685506382381277
334,87,-0.00329,0.0002,85.22443216060672,-1.7755678393932754
335,87,-0.00855,0.00762,89.74891544429873,2.7489154442987314
336,87,0.00273,0.00644,89.8754564507914,2.875456450791404
337,92,0.0,0.0,96.16462261000366,4.164622610003661
338,92,-0.00403,-0.00849,98.14061181616583,6.14061181616583
339,92,-0.00577,-0.00318,93.667634335166,1.6676343351659995
340,92,0.00088,-0.00557,94.65561348491599,2.655613484915989
341,92,0.00316,0.00121,95.3621314485731,3.362131448573095
342,92,0.00763,0.00886,96.42537156678735,4.425371566787348
343,92,0.00869,-0.00764,95.26015313013072,3.2601531301307176
344,92,0.00074,-0.00344,93.5388449320226,1.5388449320225988
345,92,-0.00659,0.00095,95.04977391949467,3.049773919494669
346,92,0.00165,-0.0075,94.27917410630738,2.27917410630738
347,92,0.00255,-0.00267,96.13863977376533,4.138639773765334
348,92,-0.00753,0.00161,96.03819588167813,4.038195881678135
349,92,0.0058,-5.0e-5,95.11755707834493,3.1175570783449302
350,92,-0.0016,-0.00386,95.10436479434385,3.1043647943438515
351,92,0.00797,0.00776,96.10304486491663,4.103044864916626
352,92,0.00307,0.00401,95.25502350941717,3.255023509417171
353,92,-0.00107,0.00445,97.72964971271996,5.7296497127199615
354,92,0.00536,0.00338,95.29955818885391,3.299558188853908
355,92,-0.00329,0.0002,96.23093484479502,4.230934844795016
356,92,-0.00855,0.00762,95.29224317507385,3.2922431750738497
357,92,0.00273,0.00644,96.18957873077845,4.18957873077845
358,102,0.0,0.0,103.7673876148954,1.767387614895398
359,102,-0.00403,-0.00849,107.36335284886971,5.3633528488697095
360,102,-0.00577,-0.00318,104.28653799467511,2.2865379946751148
361,102,0.00088,-0.00557,103.34578814044721,1.3457881404472118
362,102,0.00316,0.00121,101.80087617121254,-0.1991238287874637
363,102,0.00763,0.00886,103.55737786652233,1.5573778665223301
364,102,0.00869,-0.00764,103.14576248940507,1.1457624894050724
365,102,0.00074,-0.00344,103.09998694660511,1.0999869466051138
366,102,-0.00659,0.00095,105.54004307143988,3.5400430714398823
367,102,0.00165,-0.0075,104.5696774805384,2.5696774805384024
368,102,0.00255,-0.00267,104.89950715556026,2.899507155560258
369,102,-0.00753,0.00161,103.6546235950531,1.6546235950530956
370,102,0.0058,-5.0e-5,103.79625271339133,1.7962527133913255
371,102,-0.0016,-0.00386,103.75029408166492,1.7502940816649186
372,102,0.00797,0.00776,102.97777735009547,0.9777773500954652
373,102,0.00307,0.00401,101.24749226738187,-0.7525077326181275
374,102,-0.00107,0.00445,102.86994856847447,0.8699485684744701
375,102,0.00536,0.00338,101.51380983760404,-0.4861901623959568
376,102,-0.00329,0.0002,105.30763006441032,3.3076300644103185
377,102,-0.00855,0.00762,102.45834317962593,0.45834317962592763
378,102,0.00273,0.00644,103.07258161166091,1.0725816116609082
379,104,0.0,0.0,109.72827848775843,5.7282784877584305
380,104,-0.00403,-0.00849,110.42210225673632,6.4221022567363235
381,104,-0.00577,-0.00318,109.14300649319013,5.1430064931901285
382,104,0.00088,-0.00557,109.06918274035024,5.069182740350243
383,104,0.00316,0.00121,107.94986919168848,3.949869191688478
384,104,0.00763,0.00886,106.63640713081062,2.6364071308106247
385,104,0.00869,-0.00764,105.80411562027997,1.8041156202799726
386,104,0.00074,-0.00344,109.29514271613415,5.295142716134151
387,104,-0.00659,0.00095,109.38846460629554,5.388464606295543
388,104,0.00165,-0.0075,110.16468802983863,6.164688029838629
389,104,0.00255,-0.00267,108.30346113778049,4.303461137780488
390,104,-0.00753,0.00161,107.48449689208746,3.4844968920874635
391,104,0.0058,-5.0e-5,106.65445931916837,2.6544593191683674
392,104,-0.0016,-0.00386,108.32042092790472,4.3204209279047205
393,104,0.00797,0.00776,105.86705297757157,1.867052977571575
394,104,0.00307,0.00401,107.23426541520755,3.2342654152075454
395,104,-0.00107,0.00445,106.14242887286062,2.14242887286062
396,104,0.00536,0.00338,105.36900210144788,1.369002101447876
397,104,-0.00329,0.0002,110.48637572527375,6.486375725273746
398,104,-0.00855,0.00762,105.62014482830969,1.6201448283096909
399,104,0.00273,0.00644,106.51233750312402,2.512337503124016
400,105,0.0,0.0,109.93277489451539,4.93277489451539
401,105,-0.00403,-0.00849,111.03207251432907,6.032072514329073
402,105,-0.00577,-0.00318,110.19902785872173,5.199027858721735
403,105,0.00088,-0.00557,108.68758336399057,3.6875833639905693
404,105,0.00316,0.00121,108.41074175338242,3.4107417533824247
405,105,0.00763,0.00886,105.78457927741697,0.7845792774169666
406,105,0.00869,-0.00764,106.31919219309742,1.3191921930974218
407,105,0.00074,-0.00344,108.61316906556559,3.613169065565586
408,105,-0.00659,0.00095,109.85792499229002,4.857924992290023
409,105,0.00165,-0.0075,109.68581169667539,4.685811696675387
410,105,0.00255,-0.00267,108.29152580509992,3.2915258050999228
411,105,-0.00753,0.00161,108.51211325949166,3.512113259491656
412,105,0.0058,-5.0e-5,106.38539922159714,1.3853992215971402
413,105,-0.0016,-0.00386,108.10300007212248,3.1030000721224837
414,105,0.00797,0.00776,106.08821088655797,1.0882108865579738
415,105,0.00307,0.00401,107.57104271100948,2.5710427110094827
416,105,-0.00107,0.00445,106.81195467627272,1.8119546762727197
417,105,0.00536,0.00338,105.08922074283953,0.08922074283952952
418,105,-0.00329,0.0002,110.735572665506,5.735572665505998
419,105,-0.00855,0.00762,106.58970881752971,1.5897088175297114
420,105,0.00273,0.00644,107.16516466334241,2.1651646633424093
421,106,0.0,0.0,110.72964754856353,4.729647548563534
422,106,-0.00403,-0.00849,111.81509436367352,5.8150943636735235
423,106,-0.00577,-0.00318,111.0382413511904,5.038241351190393
424,106,0.00088,-0.00557,109.80792561390687,3.8079256139068747
425,106,0.00316,0.00121,108.85619833279466,2.856198332794662
426,106,0.00763,0.00886,106.44654321971912,0.4465432197191177
427,106,0.00869,-0.00764,107.36847976129678,1.3684797612967827
428,106,0.00074,-0.00344,109.4937112300301,3.493711230030101
429,106,-0.00659,0.00095,110.83263828589041,4.832638285890411
430,106,0.00165,-0.0075,110.83448579505495,4.834485795054945
431,106,0.00255,-0.00267,108.91195370860214,2.911953708602141
432,106,-0.00753,0.00161,109.27388847299963,3.27388847299963
433,106,0.0058,-5.0e-5,107.03533836418595,1.0353383641859466
434,106,-0.0016,-0.00386,108.98412115286719,2.984121152867189
435,106,0.00797,0.00776,106.67145971140363,0.671459711403628
436,106,0.00307,0.00401,108.17249687391069,2.1724968739106885
437,106,-0.00107,0.00445,107.42059934992552,1.4205993499255243
438,106,0.00536,0.00338,105.58105761980356,-0.4189423801964409
439,106,-0.00329,0.0002,111.54831910286663,5.548319102866628
440,106,-0.00855,0.00762,107.11660492426098,1.116604924260983
441,106,0.00273,0.00644,107.69641943141437,1.6964194314143697
442,109,0.0,0.0,111.27081184124832,2.2708118412483174
443,109,-0.00403,-0.00849,113.89732769021208,4.89732769021208
444,109,-0.00577,-0.00318,113.23631329830889,4.236313298308886
445,109,0.00088,-0.00557,111.25659224923682,2.2565922492368173
446,109,0.00316,0.00121,110.21122636061267,1.2112263606126703
447,109,0.00763,0.00886,108.17011096482591,-0.8298890351740908
448,109,0.00869,-0.00764,109.60941992597336,0.6094199259733557
449,109,0.00074,-0.00344,111.40694430683156,2.406944306831562
450,109,-0.00659,0.00095,113.27737448137864,4.277374481378644
451,109,0.00165,-0.0075,113.56690023358203,4.566900233582032
452,109,0.00255,-0.00267,111.71190164920006,2.7119016492000583
453,109,-0.00753,0.00161,112.46504694215687,3.4650469421568744
454,109,0.0058,-5.0e-5,110.45186457987856,1.4518645798785599
455,109,-0.0016,-0.00386,111.59884794528482,2.5988479452848168
456,109,0.00797,0.00776,108.81620167105234,-0.18379832894765968
457,109,0.00307,0.00401,110.13901501091624,1.1390150109162391
458,109,-0.00107,0.00445,109.82198857448692,0.8219885744869231
459,109,0.00536,0.00338,109.03019806863556,0.030198068635556297
460,109,-0.00329,0.0002,112.71248157974055,3.7124815797405546
461,109,-0.00855,0.00762,108.65529872167876,-0.34470127832123865
462,109,0.00273,0.00644,110.89449335446055,1.8944933544605504
463,114,0.0,0.0,115.45560593574248,1.4556059357424829
464,114,-0.00403,-0.00849,117.6216854189759,3.6216854189759005
465,114,-0.00577,-0.00318,115.41527255722008,1.415272557220078
466,114,0.00088,-0.00557,115.00776638819646,1.0077663881964583
467,114,0.00316,0.00121,114.76258305024231,0.7625830502423128
468,114,0.00763,0.00886,113.55661677334874,-0.44338322665126384
469,114,0.00869,-0.00764,116.11374620557103,2.113746205571033
470,114,0.00074,-0.00344,114.85898583977304,0.858985839773041
471,114,-0.00659,0.00095,115.70363233178557,1.7036323317855704
472,114,0.00165,-0.0075,116.70802470650796,2.708024706507956
473,114,0.00255,-0.00267,116.52038277020253,2.5203827702025308
474,114,-0.00753,0.00161,115.69357833747799,1.6935783374779874
475,114,0.0058,-5.0e-5,116.16608683012984,2.166086830129842
476,114,-0.0016,-0.00386,114.6558422958274,0.655842295827398
477,114,0.00797,0.00776,114.10811181183337,0.10811181183336771
478,114,0.00307,0.00401,114.9033126548247,0.9033126548247026
479,114,-0.00107,0.00445,114.58391117878001,0.5839111787800135
480,114,0.00536,0.00338,115.78081516083894,1.7808151608389409
481,114,-0.00329,0.0002,116.2458042938679,2.2458042938679057
482,114,-0.00855,0.00762,114.42804057671614,0.4280405767161426
483,114,0.00273,0.00644,115.92548394554322,1.9254839455432204
484,124,0.0,0.0,123.59245412572497,-0.40754587427503
485,124,-0.00403,-0.00849,122.90980448078824,-1.0901955192117612
486,124,-0.00577,-0.00318,123.51187895998761,-0.48812104001238765
487,124,0.00088,-0.00557,123.89221493914525,-0.10778506085475215
488,124,0.00316,0.00121,124.12434754823875,0.12434754823874528
489,124,0.00763,0.00886,123.28716295473012,-0.7128370452698789
490,124,0.00869,-0.00764,125.1800642252524,1.1800642252523943
491,124,0.00074,-0.00344,123.5180459801556,-0.48195401984439457
492,124,-0.00659,0.00095,123.58758097746178,-0.4124190225382165
493,124,0.00165,-0.0075,123.53920431709331,-0.46079568290669215
494,124,0.00255,-0.00267,124.09407425034739,0.09407425034738992
495,124,-0.00753,0.00161,123.36852862605147,-0.6314713739485285
496,124,0.0058,-5.0e-5,123.76701858986692,-0.23298141013307827
497,124,-0.0016,-0.00386,123.65397353563095,-0.3460264643690465
498,124,0.00797,0.00776,122.89690560007415,-1.1030943999258511
499,124,0.00307,0.00401,123.28556344514055,-0.7144365548594465
500,124,-0.00107,0.00445,123.37240644903092,-0.6275935509690811
501,124,0.00536,0.00338,122.49648508130065,-1.5035149186993522
502,124,-0.00329,0.0002,123.66046111654693,-0.3395388834530735
503,124,-0.00855,0.00762,122.65791647781458,-1.342083522185419
504,124,0.00273,0.00644,122.82210663320267,-1.1778933667973348
505,135,0.0,0.0,133.42171495502947,-1.578285044970528
506,135,-0.00403,-0.00849,130.49944518407023,-4.500554815929775
507,135,-0.00577,-0.00318,129.969008250148,-5.0309917498520065
508,135,0.00088,-0.00557,132.7118828626438,-2.2881171373562097
509,135,0.00316,0.00121,134.99877284525655,-0.0012271547434465901
510,135,0.00763,0.00886,133.96825798525026,-1.0317420147497387
511,135,0.00869,-0.00764,136.71720295592925,1.7172029559292525
512,135,0.00074,-0.00344,132.9515866560576,-2.0484133439424
513,135,-0.00659,0.00095,131.53629474614016,-3.4637052538598425
514,135,0.00165,-0.0075,133.62992574577987,-1.3700742542201283
515,135,0.00255,-0.00267,133.95896972488276,-1.0410302751172367
516,135,-0.00753,0.00161,131.52626382473937,-3.473736175260626
517,135,0.0058,-5.0e-5,137.332463355298,2.332463355297989
518,135,-0.0016,-0.00386,132.18402765406952,-2.8159723459304757
519,135,0.00797,0.00776,132.2509320871141,-2.7490679128858915
520,135,0.00307,0.00401,135.20107762119622,0.20107762119621952
521,135,-0.00107,0.00445,132.94182041066037,-2.0581795893396304
522,135,0.00536,0.00338,137.98081183005095,2.9808118300509534
523,135,-0.00329,0.0002,131.94777438078495,-3.0522256192150508
524,135,-0.00855,0.00762,130.7064853697396,-4.293514630260404
525,135,0.00273,0.00644,135.0055921221903,0.005592122190307691
526,136,0.0,0.0,134.5185151577824,-1.4814848422176112
527,136,-0.00403,-0.00849,132.1563572730895,-3.8436427269105025
528,136,-0.00577,-0.00318,131.94190446626843,-4.058095533731574
529,136,0.00088,-0.00557,133.37483406717823,-2.6251659328217727
530,136,0.00316,0.00121,136.0660367985089,0.06603679850888966
531,136,0.00763,0.00886,133.70399269805952,-2.2960073019404774
532,136,0.00869,-0.00764,136.44556794597162,0.445567945971618
533,136,0.00074,-0.00344,134.16004440375545,-1.8399555962445504
534,136,-0.00659,0.00095,132.58177589514548,-3.4182241048545166
535,136,0.00165,-0.0075,134.69256281450754,-1.3074371854924607
536,136,0.00255,-0.00267,134.68174950996033,-1.3182504900396737
537,136,-0.00753,0.00161,132.44571970034366,-3.554280299656341
538,136,0.0058,-5.0e-5,137.4026211232238,1.4026211232238097
539,136,-0.0016,-0.00386,133.55688731982707,-2.4431126801729306
540,136,0.00797,0.00776,134.42264168072464,-1.577358319275362
541,136,0.00307,0.00401,136.2635096633594,0.2635096633594003
542,136,-0.00107,0.00445,134.6116758549718,-1.3883241450282071
543,136,0.00536,0.00338,137.0031736121394,1.003173612139392
544,136,-0.00329,0.0002,133.15066370003652,-2.8493362999634826
545,136,-0.00855,0.00762,131.86822242473644,-4.1317775752635555
546,136,0.00273,0.00644,135.90264496921463,-0.09735503078536567
547,137,0.0,0.0,136.9351176105059,-0.06488238949410174
548,137,-0.00403,-0.00849,135.21553590152385,-1.7844640984761497
549,137,-0.00577,-0.00318,133.67875757921598,-3.321242420784017
550,137,0.00088,-0.00557,135.54656565222191,-1.4534343477780851
551,137,0.00316,0.00121,139.45903290292586,2.4590329029258555
552,137,0.00763,0.00886,136.00013671206185,-0.9998632879381546
553,137,0.00869,-0.00764,139.26602475855566,2.266024758555659
554,137,0.00074,-0.00344,135.97883648820945,-1.0211635117905473
555,137,-0.00659,0.00095,135.03467449305495,-1.9653255069450495
556,137,0.00165,-0.0075,136.88418705050157,-0.11581294949843368
557,137,0.00255,-0.00267,136.83614611499516,-0.16385388500484055
558,137,-0.00753,0.00161,134.6458903079371,-2.354109692062906
559,137,0.0058,-5.0e-5,139.62647741759307,2.6264774175930654
560,137,-0.0016,-0.00386,135.20520831176614,-1.7947916882338575
561,137,0.00797,0.00776,136.78449248356748,-0.21550751643252397
562,137,0.00307,0.00401,139.20811317265427,2.208113172654265
563,137,-0.00107,0.00445,137.0499223481648,0.049922348164813
564,137,0.00536,0.00338,139.36042347665722,2.3604234766572176
565,137,-0.00329,0.0002,135.50239006509716,-1.4976099349028402
566,137,-0.00855,0.00762,134.8304909963703,-2.169509003629713
567,137,0.00273,0.00644,137.00891658486802,0.008916584868018163
568,140,0.0,0.0,139.02117431123017,-0.978825688769831
569,140,-0.00403,-0.00849,137.23304897143166,-2.766951028568343
570,140,-0.00577,-0.00318,136.5425522934199,-3.4574477065800977
571,140,0.00088,-0.00557,137.72241918267093,-2.277580817329067
572,140,0.00316,0.00121,140.7970778645843,0.7970778645843097
573,140,0.00763,0.00886,139.5125346202225,-0.4874653797774897
574,140,0.00869,-0.00764,141.5784191662041,1.5784191662040996
575,140,0.00074,-0.00344,138.10086592426077,-1.8991340757392265
576,140,-0.00659,0.00095,136.85029325491158,-3.149706745088423
577,140,0.00165,-0.0075,139.76105469753855,-0.2389453024614454
578,140,0.00255,-0.00267,139.39837472831877,-0.6016252716812289
579,140,-0.00753,0.00161,137.4999232779209,-2.5000767220790863
580,140,0.0058,-5.0e-5,143.01865051453308,3.0186505145330784
581,140,-0.0016,-0.00386,137.71256579688887,-2.2874342031111325
582,140,0.00797,0.00776,140.13353008628926,0.13353008628925522
583,140,0.00307,0.00401,141.5513658437664,1.5513658437664049
584,140,-0.00107,0.00445,139.29294212648873,-0.7070578735112747
585,140,0.00536,0.00338,143.09111888687823,3.0911188868782347
586,140,-0.00329,0.0002,137.40979724557644,-2.590202754423558
587,140,-0.00855,0.00762,137.37712079495574,-2.6228792050442564
588,140,0.00273,0.00644,140.33430482566027,0.33430482566026853
589,145,0.0,0.0,142.55043297525896,-2.449567024741043
590,145,-0.00403,-0.00849,143.67728708685206,-1.3227129131479387
591,145,-0.00577,-0.00318,141.39403848489823,-3.605961515101768
592,145,0.00088,-0.00557,143.24066545429392,-1.759334545706082
593,145,0.00316,0.00121,146.00601279463572,1.0060127946357227
594,145,0.00763,0.00886,146.83510153092598,1.8351015309259822
595,145,0.00869,-0.00764,148.56642063925037,3.5664206392503672
596,145,0.00074,-0.00344,142.42589631514923,-2.574103684850769
597,145,-0.00659,0.00095,141.748943922535,-3.2510560774649946
598,145,0.00165,-0.0075,146.85674948057033,1.856749480570329
599,145,0.00255,-0.00267,143.38617668512046,-1.6138233148795393
600,145,-0.00753,0.00161,143.101471649498,-1.898528350502005
601,145,0.0058,-5.0e-5,147.3739841221153,2.373984122115303
602,145,-0.0016,-0.00386,142.64202845299096,-2.3579715470090434
603,145,0.00797,0.00776,147.90336388531685,2.9033638853168497
604,145,0.00307,0.00401,146.86268242681743,1.862682426817429
605,145,-0.00107,0.00445,145.06080671277098,0.06080671277098304
606,145,0.00536,0.00338,147.5313665698455,2.5313665698454884
607,145,-0.00329,0.0002,141.13309727874898,-3.866902721251023
608,145,-0.00855,0.00762,145.07727073340305,0.07727073340305424
609,145,0.00273,0.00644,145.46264660579,0.46264660579001315
610,155,0.0,0.0,155.07406818186837,0.07406818186836972
611,155,-0.00403,-0.00849,156.31847594955292,1.3184759495529192
612,155,-0.00577,-0.00318,154.62236552542944,-0.37763447457055577
613,155,0.00088,-0.00557,159.69061080258854,4.690610802588537
614,155,0.00316,0.00121,158.1989317543374,3.1989317543373943
615,155,0.00763,0.00886,159.83613093759072,4.836130937590724
616,155,0.00869,-0.00764,160.63701387946824,5.637013879468242
617,155,0.00074,-0.00344,155.8086731825603,0.8086731825603124
618,155,-0.00659,0.00095,157.6397404513878,2.6397404513878087
619,155,0.00165,-0.0075,159.69821579464895,4.698215794648945
620,155,0.00255,-0.00267,157.98744274823872,2.9874427482387205
621,155,-0.00753,0.00161,154.93643974768563,-0.06356025231437457
622,155,0.0058,-5.0e-5,158.26435772319078,3.264357723190784
623,155,-0.0016,-0.00386,155.5614570061064,0.5614570061063944
624,155,0.00797,0.00776,160.2418439931074,5.241843993107409
625,155,0.00307,0.00401,157.27830806681118,2.278308066811178
626,155,-0.00107,0.00445,157.72403858143832,2.7240385814383217
627,155,0.00536,0.00338,157.3828629334098,2.382862933409797
628,155,-0.00329,0.0002,154.81452399835553,-0.1854760016444743
629,155,-0.00855,0.00762,155.2562958475545,0.2562958475544974
630,155,0.00273,0.00644,156.11533888764168,1.115338887641684
631,169,0.0,0.0,166.63790158755,-2.3620984124499955
632,169,-0.00403,-0.00849,165.55796906465721,-3.4420309353427854
633,169,-0.00577,-0.00318,164.250934811296,-4.749065188704009
634,169,0.00088,-0.00557,168.85443526031588,-0.14556473968411865
635,169,0.00316,0.00121,167.57097150733335,-1.4290284926666459
636,169,0.00763,0.00886,164.647927116072,-4.3520728839280025
637,169,0.00869,-0.00764,169.08059193402428,0.08059193402428377
638,169,0.00074,-0.00344,166.41925978713252,-2.5807402128674823
639,169,-0.00659,0.00095,167.03766592056903,-1.962334079430974
640,169,0.00165,-0.0075,167.5011607709591,-1.4988392290408967
641,169,0.00255,-0.00267,165.74315488526088,-3.2568451147391215
642,169,-0.00753,0.00161,167.8127631074906,-1.1872368925093895
643,169,0.0058,-5.0e-5,167.04539083990684,-1.954609160093156
644,169,-0.0016,-0.00386,168.01121852983368,-0.988781470166316
645,169,0.00797,0.00776,165.1678318165565,-3.832168183443514
646,169,0.00307,0.00401,168.64733629679785,-0.352663703202154
647,169,-0.00107,0.00445,167.84437506281319,-1.1556249371868148
648,169,0.00536,0.00338,169.40555762112547,0.40555762112546745
649,169,-0.00329,0.0002,166.89805421166358,-2.1019457883364225
650,169,-0.00855,0.00762,166.2111673336157,-2.788832666384309
651,169,0.00273,0.00644,167.0034624497229,-1.996537550277111
652,170,0.0,0.0,167.21120944042778,-2.78879055957222
653,170,-0.00403,-0.00849,165.83975922999662,-4.160240770003384
654,170,-0.00577,-0.00318,165.31028157387638,-4.689718426123619
655,170,0.00088,-0.00557,168.8589296334839,-1.1410703665160895
656,170,0.00316,0.00121,167.53353273443838,-2.4664672655616187
657,170,0.00763,0.00886,166.2178559644785,-3.7821440355214975
658,170,0.00869,-0.00764,169.0297453073312,-0.9702546926687887
659,170,0.00074,-0.00344,167.54407607103198,-2.4559239289680193
660,170,-0.00659,0.00095,167.3245059978073,-2.6754940021926927
661,170,0.00165,-0.0075,168.50398170347688,-1.4960182965231184
662,170,0.00255,-0.00267,166.01680584442312,-3.983194155576882
663,170,-0.00753,0.00161,168.87191268948675,-1.1280873105132514
664,170,0.0058,-5.0e-5,167.60538302029653,-2.3946169797034713
665,170,-0.0016,-0.00386,168.3616016678935,-1.6383983321065045
666,170,0.00797,0.00776,166.98709989422716,-3.012900105772843
667,170,0.00307,0.00401,168.52455143644082,-1.4754485635591834
668,170,-0.00107,0.00445,168.3380636763916,-1.661936323608387
669,170,0.00536,0.00338,168.93245817183663,-1.067541828163371
670,170,-0.00329,0.0002,167.27771397870617,-2.722286021293826
671,170,-0.00855,0.00762,166.34287804861006,-3.6571219513899393
672,170,0.00273,0.00644,167.48206721325136,-2.517932786748645
673,171,0.0,0.0,168.1626666892318,-2.8373333107682015
674,171,-0.00403,-0.00849,167.1154974593353,-3.8845025406646982
675,171,-0.00577,-0.00318,166.3274587969433,-4.67254120305671
676,171,0.00088,-0.00557,169.52906232694002,-1.4709376730599786
677,171,0.00316,0.00121,168.80424440857365,-2.195755591426348
678,171,0.00763,0.00886,167.00746135374186,-3.99253864625814
679,171,0.00869,-0.00764,173.53310182439856,2.533101824398557
680,171,0.00074,-0.00344,168.16974173479127,-2.8302582652087267
681,171,-0.00659,0.00095,168.16896178248473,-2.831038217515271
682,171,0.00165,-0.0075,169.04770164401498,-1.9522983559850218
683,171,0.00255,-0.00267,167.26057125193523,-3.7394287480647677
684,171,-0.00753,0.00161,170.2015120244407,-0.7984879755593113
685,171,0.0058,-5.0e-5,168.34327341211448,-2.6567265878855153
686,171,-0.0016,-0.00386,169.10857861356553,-1.891421386434473
687,171,0.00797,0.00776,167.69060983011067,-3.309390169889326
688,171,0.00307,0.00401,169.22796136192778,-1.7720386380722175
689,171,-0.00107,0.00445,168.98998551962876,-2.0100144803712396
690,171,0.00536,0.00338,169.80718473110645,-1.192815268893554
691,171,-0.00329,0.0002,168.2605367804484,-2.7394632195515953
692,171,-0.00855,0.00762,166.70130664420375,-4.298693355796246
693,171,0.00273,0.00644,168.2253557578359,-2.7746442421641007
694,174,0.0,0.0,171.84715262535548,-2.152847374644523
695,174,-0.00403,-0.00849,169.5872517713136,-4.412748228686411
696,174,-0.00577,-0.00318,167.76608984295447,-6.233910157045528
697,174,0.00088,-0.00557,169.43933207587588,-4.560667924124118
698,174,0.00316,0.00121,174.39933999031464,0.39933999031464396
699,174,0.00763,0.00886,168.33499145334002,-5.665008546659976
700,174,0.00869,-0.00764,177.06028303241425,3.0602830324142474
701,174,0.00074,-0.00344,168.73264530990514,-5.267354690094862
702,174,-0.00659,0.00095,169.589433353274,-4.410566646726011
703,174,0.00165,-0.0075,169.69831986708436,-4.301680132915635
704,174,0.00255,-0.00267,168.72325997322025,-5.276740026779748
705,174,-0.00753,0.00161,173.30273046533767,-0.6972695346623254
706,174,0.0058,-5.0e-5,171.06498425231305,-2.935015747686947
707,174,-0.0016,-0.00386,169.07924099515003,-4.92075900484997
708,174,0.00797,0.00776,168.80323228472312,-5.196767715276877
709,174,0.00307,0.00401,173.10917431179527,-0.8908256882047283
710,174,-0.00107,0.00445,170.55697219448464,-3.4430278055153565
711,174,0.00536,0.00338,172.73772434751461,-1.2622756524853855
712,174,-0.00329,0.0002,171.62060445380212,-2.379395546197884
713,174,-0.00855,0.00762,168.20601291751737,-5.79398708248263
714,174,0.00273,0.00644,171.9322408687163,-2.067759131283708
715,179,0.0,0.0,180.0,1.0
716,179,-0.00403,-0.00849,174.3446554798905,-4.655344520109509
717,179,-0.00577,-0.00318,177.1276518896318,-1.8723481103681934
718,179,0.00088,-0.00557,179.42512571361087,0.4251257136108677
719,179,0.00316,0.00121,180.0,1.0
720,179,0.00763,0.00886,177.01684428072159,-1.9831557192784146
721,179,0.00869,-0.00764,180.0,1.0
722,179,0.00074,-0.00344,178.54997785660532,-0.4500221433946763
723,179,-0.00659,0.00095,176.9695719604661,-2.030428039533888
724,179,0.00165,-0.0075,177.0727818271115,-1.9272181728885016
725,179,0.00255,-0.00267,179.80456229820987,0.8045622982098735
726,179,-0.00753,0.00161,178.4712870568317,-0.5287129431683013
727,179,0.0058,-5.0e-5,178.32199290592877,-0.6780070940712335
728,179,-0.0016,-0.00386,177.58810574815013,-1.4118942518498727
729,179,0.00797,0.00776,179.40236098733462,0.40236098733461745
730,179,0.00307,0.00401,179.20953520515522,0.20953520515521973
731,179,-0.00107,0.00445,177.97709547821304,-1.0229045217869555
732,179,0.00536,0.00338,178.8408369213929,-0.15916307860709367
733,179,-0.00329,0.0002,179.86313081267596,0.863130812675962
734,179,-0.00855,0.00762,178.12544406114512,-0.8745559388548827
735,179,0.00273,0.00644,178.7906785329531,-0.20932146704689103
736,9,0.0,0.0,10.893646548976148,1.8936465489761485
737,9,-0.00403,-0.00849,3.3811482458052855,-5.618851754194715
738,9,-0.00577,-0.00318,13.050997829438622,4.0509978294386215
739,9,0.00088,-0.00557,9.97442575150994,0.9744257515099406
740,9,0.00316,0.00121,8.267062287678796,-0.7329377123212044
741,9,0.00763,0.00886,9.534932516275195,0.5349325162751946
742,9,0.00869,-0.00764,8.827001229993582,-0.1729987700064175
743,9,0.00074,-0.00344,8.718465607118535,-0.28153439288146487
744,9,-0.00659,0.00095,7.0619554838141,-1.9380445161859
745,9,0.00165,-0.0075,2.4028545677452455,-6.597145432254754
746,9,0.00255,-0.00267,12.516327025779036,3.516327025779036
747,9,-0.00753,0.00161,5.732047892971999,-3.267952107028001
748,9,0.0058,-5.0e-5,9.554651120827328,0.5546511208273284
749,9,-0.0016,-0.00386,5.047966204142292,-3.952033795857708
750,9,0.00797,0.00776,8.772392586660988,-0.2276074133390118
751,9,0.00307,0.00401,7.220655275437302,-1.7793447245626979
752,9,-0.00107,0.00445,5.845294921919576,-3.1547050780804238
753,9,0.00536,0.00338,7.126935281796624,-1.8730647182033762
754,9,-0.00329,0.0002,11.470864634219067,2.470864634219067
755,9,-0.00855,0.00762,7.725635821290123,-1.2743641787098774
756,9,0.00273,0.00644,10.339626964418182,1.3396269644181817
